{"cameraMode":{"drawMode":0,"name":"Shaded","section":"Shading Mode"},"sceneLighting":false,"audioPlay":false,"sceneViewState":{"showFog":true,"showMaterialUpdate":false,"showSkybox":false,"showFlares":true,"showImageEffects":true,"showParticleSystems":true},"in2DMode":false,"pivot":{"x":-7.156032085418701,"y":1.6212795972824097,"z":5.099542617797852},"rotation":{"x":0.10256053507328034,"y":-0.8254062533378601,"z":0.15917076170444489,"w":0.5318571925163269},"size":17.388547897338868,"orthographic":false}