{"cameraMode":{"drawMode":0,"name":"Shaded","section":"Shading Mode"},"sceneLighting":false,"audioPlay":false,"sceneViewState":{"showFog":true,"showMaterialUpdate":false,"showSkybox":false,"showFlares":true,"showImageEffects":true,"showParticleSystems":true},"in2DMode":false,"pivot":{"x":-1.4120168685913087,"y":0.6488713026046753,"z":0.065518319606781},"rotation":{"x":-0.19108711183071137,"y":-0.23276866972446443,"z":0.046694450080394748,"w":-0.9524359107017517},"size":0.3928951919078827,"orthographic":false}