{"cameraMode":{"drawMode":0,"name":"Shaded","section":"Shading Mode"},"sceneLighting":false,"audioPlay":false,"sceneViewState":{"showFog":true,"showMaterialUpdate":false,"showSkybox":true,"showFlares":true,"showImageEffects":true,"showParticleSystems":true},"in2DMode":false,"pivot":{"x":-0.8715155124664307,"y":1.1525888442993165,"z":-0.2728307247161865},"rotation":{"x":-0.03738713636994362,"y":-0.9526455998420715,"z":0.1308411806821823,"w":-0.2719763517379761},"size":2.0397443771362306,"orthographic":false}