{"cameraMode":{"drawMode":0,"name":"Shaded","section":"Shading Mode"},"sceneLighting":false,"audioPlay":false,"sceneViewState":{"showFog":true,"showMaterialUpdate":false,"showSkybox":true,"showFlares":true,"showImageEffects":true,"showParticleSystems":true},"in2DMode":false,"pivot":{"x":5.860915184020996,"y":-3.074317693710327,"z":-1.8135833740234376},"rotation":{"x":-0.0606258399784565,"y":-0.6779991388320923,"z":0.0562710203230381,"w":-0.7304086089134216},"size":1.6469011306762696,"orthographic":false}